ip address,email address
63.208.162.2,gwilsey0@technorati.com
229.218.30.30,apierse1@telegraph.co.uk
216.40.236.192,hdonet2@bloglovin.com
29.18.30.221,msheryn3@usda.gov
113.237.11.248,ntriggel4@blogtalkradio.com
91.48.202.211,odestoop5@multiply.com
150.62.31.238,cmeadway6@nymag.com
147.111.74.206,bkleinhandler7@archive.org
127.241.197.54,fmclenahan8@geocities.com
187.106.169.105,uglasard9@foxnews.com
207.109.56.7,sgammilla@msu.edu
103.182.104.172,bbenedictb@timesonline.co.uk
147.74.235.8,agerwoodc@istockphoto.com
72.231.54.155,vtuttond@people.com.cn
158.30.13.107,dgegge@instagram.com
137.147.112.173,wfrancaisf@umich.edu
169.171.76.177,rbainbriggeg@aboutads.info
56.224.83.130,pboldryh@disqus.com
1.130.190.88,rrosenhausi@gravatar.com
15.73.113.103,spirsonj@statcounter.com
250.67.253.75,rcordeauk@trellian.com
222.134.105.206,apurdoml@hatena.ne.jp
232.84.161.217,kportalm@yahoo.com
25.25.127.220,aborlandn@house.gov
98.144.174.219,rtampino@unblog.fr
46.51.204.244,fkovalskip@dell.com
85.103.40.11,astanfieldq@google.com.br
160.6.95.164,mruppelir@simplemachines.org
245.93.196.164,pperillos@symantec.com
66.52.173.66,flefrankt@dyndns.org
209.13.224.189,nkiwitzu@ocn.ne.jp
130.10.204.9,prankcomv@examiner.com
210.121.212.135,dstaggw@imdb.com
127.21.160.155,mrawstornex@amazon.de
249.201.200.190,fdutsony@google.com.hk
12.179.161.196,tpudgez@virginia.edu
72.193.29.87,eandrzejowski10@wiley.com
233.194.54.252,rmarshland11@reverbnation.com
168.166.242.40,mangier12@quantcast.com
9.189.220.197,cfawdrie13@dailymotion.com
4.86.91.2,rabdey14@is.gd
17.120.100.62,lsnow15@163.com
87.89.31.209,cvalti16@zimbio.com
35.89.189.244,emaccafferky17@qq.com
161.113.108.21,slunny18@europa.eu
96.26.56.21,hfante19@rambler.ru
12.75.116.126,acronchey1a@stumbleupon.com
45.39.251.244,ckarchewski1b@webeden.co.uk
214.103.55.214,ceymor1c@usgs.gov
28.88.147.8,jwickling1d@google.com
12.81.105.1,gjosephson1e@ebay.co.uk
86.17.48.13,kdominka1f@ning.com
66.224.32.249,kedgell1g@imgur.com
144.250.72.150,saxford1h@issuu.com
151.143.3.23,rmcdougal1i@omniture.com
38.112.103.185,jsallter1j@latimes.com
18.209.146.218,corcott1k@un.org
221.219.0.218,ckneller1l@indiatimes.com
11.243.122.130,pmcnair1m@cocolog-nifty.com
118.55.44.135,rarchibald1n@tiny.cc
34.113.27.6,mesome1o@vimeo.com
114.153.247.70,jfoffano1p@earthlink.net
191.176.198.214,ediamond1q@cdc.gov
41.66.18.27,dthexton1r@yolasite.com
254.131.4.79,chummerston1s@ca.gov
179.201.242.248,mhuson1t@imdb.com
220.90.121.182,sjensen1u@bbc.co.uk
237.139.198.29,seke1v@prweb.com
132.205.239.151,vkitchenham1w@nifty.com
61.104.57.222,bextil1x@reuters.com
121.85.69.39,vpeltz1y@illinois.edu
252.242.170.241,llinke1z@exblog.jp
153.134.252.37,rmorriss20@theglobeandmail.com
94.55.72.127,awantling21@ftc.gov
236.38.100.5,dminet22@virginia.edu
106.116.162.87,clindwasser23@seattletimes.com
154.239.160.113,ggarlicke24@si.edu
79.18.16.179,pinott25@gov.uk
21.42.62.163,nfoyston26@umich.edu
120.166.106.223,mamer27@goodreads.com
145.153.47.255,dtenwick28@bloomberg.com
239.92.206.196,bbernadot29@ca.gov
199.214.235.19,ccrosskill2a@clickbank.net
116.211.59.192,civashinnikov2b@ft.com
60.58.9.161,mesgate2c@netscape.com
97.176.37.245,tmullett2d@washingtonpost.com
130.210.97.189,bthreadgill2e@altervista.org
67.134.185.90,jfarnfield2f@hibu.com
218.47.178.112,cjacqueme2g@ucoz.com
40.140.105.109,lwhenham2h@tamu.edu
163.49.180.177,amacgilrewy2i@mysql.com
43.243.94.47,bdast2j@freewebs.com
147.223.232.166,smacaless2k@discovery.com
208.183.45.196,pmacturlough2l@businessinsider.com
88.101.93.41,sswayland2m@archive.org
156.56.123.124,dendon2n@china.com.cn
138.120.149.214,dbyham2o@timesonline.co.uk
147.253.123.33,lskewis2p@ebay.co.uk
156.194.197.102,rszimon2q@latimes.com
45.217.32.245,mpargiter2r@psu.edu
62.136.145.123,ffogarty2s@360.cn
22.86.25.60,agorner2t@goo.gl
25.36.130.114,ecapron2u@cbslocal.com
188.174.125.116,jnijssen2v@intel.com
59.24.134.170,mbesantie2w@nydailynews.com
189.52.27.17,fmciver2x@china.com.cn
39.73.205.130,padenot2y@last.fm
140.231.20.49,drailton2z@harvard.edu
37.75.240.142,jvansalzberger30@marriott.com
7.148.207.96,ctownson31@hugedomains.com
165.68.190.166,bmckevitt32@surveymonkey.com
52.162.120.202,ntideswell33@samsung.com
228.213.234.47,rjuster34@timesonline.co.uk
244.179.129.160,oserris35@4shared.com
156.119.246.48,aquaif36@hao123.com
164.108.8.78,mcashell37@cnn.com
108.26.15.78,aramsden38@gnu.org
197.234.205.138,hstollsteimer39@aol.com
94.74.29.215,wodom3a@independent.co.uk
164.149.90.144,tsearle3b@npr.org
203.18.15.213,gcalifornia3c@reddit.com
186.10.46.130,aransbury3d@w3.org
66.188.45.228,sleynham3e@webeden.co.uk
247.26.134.242,alazell3f@dedecms.com
11.102.37.74,dandreuzzi3g@theatlantic.com
208.178.50.31,bcarnew3h@prnewswire.com
92.108.9.24,yvonasek3i@google.com.au
233.17.205.173,emacgray3j@furl.net
228.169.204.242,moccleshaw3k@over-blog.com
2.42.66.93,loldrey3l@chron.com
58.229.18.192,bcolquyte3m@biglobe.ne.jp
168.58.124.196,bduffrie3n@howstuffworks.com
240.24.217.218,jsheirlaw3o@senate.gov
208.138.75.75,bpacheco3p@squarespace.com
46.87.142.210,vtwitchings3q@technorati.com
204.135.143.37,mandres3r@nih.gov
3.66.151.246,hroots3s@clickbank.net
131.26.98.179,ablanning3t@php.net
88.165.37.157,llantry3u@studiopress.com
212.115.186.171,dyurocjkin3v@vk.com
7.123.181.111,timore3w@meetup.com
0.51.202.153,lrainford3x@sphinn.com
121.102.42.4,enafzger3y@google.ca
58.89.115.155,ahansman3z@theglobeandmail.com
224.207.239.43,nabbots40@t.co
33.8.11.105,sgrabiec41@goo.ne.jp
71.177.204.156,ktinmouth42@mayoclinic.com
124.200.131.233,cdarcy43@wix.com
254.17.185.176,bminocchi44@ft.com
122.70.135.102,asimms45@usa.gov
74.245.12.117,svirgoe46@cdbaby.com
163.45.97.184,osteeden47@over-blog.com
60.99.192.234,zwalasik48@histats.com
178.248.42.211,hbrechin49@unblog.fr
11.169.97.206,crenhard4a@sitemeter.com
62.16.15.172,clocke4b@redcross.org
199.235.176.53,jclineck4c@weebly.com
81.196.145.229,creid4d@ow.ly
32.116.198.240,kbreston4e@chicagotribune.com
162.134.96.96,rnorthcott4f@time.com
245.5.213.136,bmapplebeck4g@flickr.com
4.237.49.157,ckensit4h@tinyurl.com
195.232.185.15,sandreassen4i@google.com.au
216.207.67.177,dsogg4j@a8.net
14.151.255.175,khassin4k@rakuten.co.jp
139.100.29.139,rsalt4l@gizmodo.com
18.226.135.100,jskegg4m@pinterest.com
227.134.180.132,roheneghan4n@about.com
11.33.131.89,cradin4o@cbc.ca
196.124.197.85,rleaburn4p@sitemeter.com
202.208.185.199,mgillison4q@hhs.gov
84.12.189.253,jminci4r@wisc.edu
168.97.252.154,nswalwell4s@aboutads.info
228.188.127.53,ecalverley4t@redcross.org
159.174.253.159,mpignon4u@wp.com
120.130.181.59,pwornham4v@tripod.com
54.120.137.222,fmerrett4w@netscape.com
84.230.126.188,fstoakley4x@tripadvisor.com
85.85.245.197,cminor4y@dot.gov
109.111.36.51,kgloyens4z@dropbox.com
222.172.234.30,bpaolotto50@hibu.com
204.21.101.64,gdundredge51@google.co.uk
118.24.66.191,lmeadows52@dell.com
9.74.113.145,mszymanzyk53@imdb.com
237.228.150.210,vpaladino54@google.com
58.172.236.23,imarion55@instagram.com
55.105.21.84,rdomel56@reddit.com
255.146.52.246,spembridge57@instagram.com
9.217.147.230,cgrima58@skyrock.com
224.124.212.223,czwicker59@baidu.com
26.17.115.82,aleall5a@seesaa.net
231.218.51.203,dleele5b@spiegel.de
0.22.178.73,wpride5c@xing.com
52.52.226.91,spick5d@mashable.com
139.84.2.1,wburnsall5e@theglobeandmail.com
131.45.214.223,bgruszecki5f@reverbnation.com
15.116.12.233,vbruckstein5g@netscape.com
234.152.107.37,mkaley5h@t.co
75.39.155.181,mmichael5i@yolasite.com
8.186.203.218,ashard5j@last.fm
43.154.140.235,olarcher5k@rambler.ru
221.206.12.214,ematherson5l@facebook.com
119.222.154.121,acullingford5m@lulu.com
101.126.81.253,jtomasino5n@ted.com
191.238.115.140,ssexti5o@photobucket.com
19.32.82.243,mlotwich5p@istockphoto.com
222.169.158.240,vfeben5q@odnoklassniki.ru
14.66.220.96,fmacqueen5r@reuters.com
248.39.15.207,jdikels5s@who.int
194.202.85.7,ltraynor5t@bbc.co.uk
220.131.241.48,ydomanek5u@linkedin.com
245.104.201.56,tleman5v@ox.ac.uk
53.204.10.85,ofenelow5w@army.mil
221.101.105.234,fmunby5x@freewebs.com
219.241.136.86,bkinnane5y@mysql.com
21.254.194.80,schipchase5z@cmu.edu
46.14.46.173,nhilhouse60@earthlink.net
192.208.120.183,kmcteggart61@huffingtonpost.com
154.240.246.243,ederrick62@jalbum.net
34.246.90.169,rsivil63@behance.net
55.18.238.169,bblackater64@mapquest.com
33.110.50.112,asorrie65@wordpress.com
112.220.126.119,gmardlin66@nymag.com
2.142.208.198,mcheckley67@elpais.com
36.205.138.32,mdash68@amazon.com
125.171.213.89,bgabbitus69@bluehost.com
232.81.197.63,larminger6a@google.ru
240.13.170.124,darents6b@nifty.com
168.208.47.85,pfladgate6c@nyu.edu
210.176.231.122,pgapper6d@cdbaby.com
38.144.156.92,jeat6e@telegraph.co.uk
75.16.208.71,sgyurko6f@hao123.com
174.61.236.140,wespinho6g@1und1.de
184.31.231.81,herwin6h@narod.ru
111.31.85.181,btydd6i@independent.co.uk
155.74.220.55,lboyle6j@independent.co.uk
83.139.115.74,pfishlee6k@yandex.ru
201.16.122.28,bdangl6l@weather.com
84.190.226.255,nproctor6m@theglobeandmail.com
200.72.3.84,aetches6n@bravesites.com
242.148.147.188,aclemetts6o@joomla.org
86.241.18.231,qpickance6p@gravatar.com
125.9.181.226,gdecourt6q@illinois.edu
218.82.87.220,mbamling6r@clickbank.net
161.63.66.40,bceschini6s@tumblr.com
231.165.251.32,mboice6t@netlog.com
75.60.97.205,jagott6u@weather.com
94.168.234.185,kohern6v@google.it
2.15.183.249,iayce6w@imdb.com
191.129.30.235,asussans6x@disqus.com
144.55.43.40,dmcdowell6y@behance.net
144.100.42.254,hwalsom6z@barnesandnoble.com
3.80.232.203,dlagde70@irs.gov
60.216.217.15,cdarleston71@oakley.com
233.123.131.221,ajocelyn72@sohu.com
109.3.1.88,tseviour73@mediafire.com
128.71.90.0,cpearle74@furl.net
149.211.77.239,dhorley75@posterous.com
243.207.187.109,sdaly76@vk.com
37.155.155.216,rcleminson77@webmd.com
81.186.24.124,cgavriel78@jigsy.com
50.94.55.251,jhazelgreave79@a8.net
98.110.138.243,sofield7a@live.com
165.108.67.208,mfaber7b@flickr.com
208.244.201.110,gconring7c@marketwatch.com
169.69.225.48,sgrabert7d@infoseek.co.jp
213.219.187.58,lwilmington7e@ucla.edu
137.160.217.202,sforton7f@ebay.co.uk
25.240.176.87,ebritto7g@nbcnews.com
170.40.130.139,kharnetty7h@thetimes.co.uk
175.95.17.251,lerrett7i@hp.com
77.204.146.216,mhayfield7j@harvard.edu
220.251.15.57,ulowten7k@wufoo.com
142.230.60.130,tmckintosh7l@berkeley.edu
197.89.122.30,rmawby7m@icq.com
234.136.200.113,hhimsworth7n@booking.com
119.190.145.77,crimes7o@flavors.me
248.32.27.253,mhussy7p@opensource.org
127.75.215.27,ebibb7q@google.es
200.147.213.218,jdufton7r@washingtonpost.com
102.133.176.1,troubay7s@squarespace.com
46.198.140.35,fpic7t@freewebs.com
243.74.146.119,rtape7u@wufoo.com
3.180.175.126,crobus7v@mashable.com
247.20.22.33,mgawn7w@ed.gov
97.181.189.34,cbraunlein7x@blogger.com
116.65.207.123,rneave7y@amazon.co.uk
250.105.125.70,mrennocks7z@google.co.jp
134.213.135.145,rmcnally80@nature.com
204.17.218.86,dmcwhorter81@mail.ru
68.146.227.131,cmelsom82@tiny.cc
172.108.71.0,edelacourt83@mapy.cz
30.161.125.188,fpiggrem84@joomla.org
104.198.11.157,cradish85@sciencedaily.com
241.87.140.11,arolfs86@blinklist.com
125.114.4.45,ahorrell87@google.com.au
20.200.114.177,jluxmoore88@freewebs.com
58.1.219.65,nbrunini89@reference.com
181.63.122.31,cmaccaig8a@xing.com
180.212.137.213,olidington8b@addtoany.com
24.164.215.7,mscardifield8c@opensource.org
195.11.155.227,obazeley8d@aol.com
255.125.243.200,bbathersby8e@google.de
167.6.206.190,tquantrell8f@nps.gov
8.122.189.49,ahasty8g@discovery.com
23.196.73.24,fdietmar8h@earthlink.net
214.182.116.167,ffaughny8i@w3.org
123.246.77.216,etaunton8j@ustream.tv
72.242.61.172,eworwood8k@123-reg.co.uk
126.147.218.190,bdurante8l@deviantart.com
163.156.15.164,fmaccree8m@yandex.ru
160.16.126.194,tscurrey8n@discuz.net
10.184.154.200,mmessager8o@upenn.edu
244.208.213.230,slewtey8p@soundcloud.com
100.118.123.68,thuxtable8q@ca.gov
88.174.201.201,mtalby8r@nytimes.com
196.71.141.79,probyns8s@examiner.com
234.40.123.60,wandreotti8t@newyorker.com
202.135.148.79,jbalsom8u@discuz.net
10.146.211.244,aballchin8v@lycos.com
93.78.27.143,mguise8w@kickstarter.com
170.22.252.7,sjaggs8x@123-reg.co.uk
49.116.253.220,tloxston8y@jimdo.com
8.201.152.7,sperroni8z@jugem.jp
147.48.204.58,nlintin90@patch.com
60.204.126.80,rpolson91@zimbio.com
108.146.103.135,broselli92@hatena.ne.jp
197.251.48.162,mvere93@sbwire.com
84.106.95.196,kstamper94@icio.us
109.201.17.72,ihaggish95@163.com
181.81.148.111,aloughead96@hatena.ne.jp
246.198.251.5,cfilippyev97@free.fr
39.169.104.14,boseman98@cnn.com
214.12.74.179,shambribe99@washingtonpost.com
125.133.157.231,bmeneur9a@icio.us
253.230.20.29,hoffin9b@hatena.ne.jp
148.100.84.121,bcopnar9c@rakuten.co.jp
56.239.178.47,ccamidge9d@buzzfeed.com
143.106.194.38,atamplin9e@geocities.com
160.117.126.231,xremon9f@google.it
25.238.172.152,khynde9g@yale.edu
93.140.193.158,fyule9h@dion.ne.jp
10.137.28.58,leldrett9i@java.com
36.91.202.2,hrubel9j@msu.edu
50.16.16.107,orooksby9k@blog.com
245.215.160.36,acorssen9l@cnn.com
179.76.107.40,ddomeny9m@amazonaws.com
136.167.193.245,eyarwood9n@bravesites.com
175.172.64.204,gsallows9o@scribd.com
181.123.14.212,mforrestall9p@cdbaby.com
195.43.228.206,mwharf9q@people.com.cn
45.74.142.192,mmeron9r@cdc.gov
92.34.81.180,mlinskey9s@xinhuanet.com
94.233.246.46,csterry9t@oracle.com
132.252.64.17,swindrus9u@independent.co.uk
59.164.159.118,bgurling9v@kickstarter.com
19.209.138.108,aterlinden9w@wired.com
239.7.72.10,wpostan9x@seattletimes.com
137.8.64.248,kborges9y@netlog.com
12.167.136.206,ndarby9z@japanpost.jp
249.97.23.8,rlathama0@miibeian.gov.cn
19.119.68.200,vpasseya1@reverbnation.com
193.35.242.139,bratazzia2@amazonaws.com
254.234.207.15,jtruetta3@blogger.com
122.17.198.174,asteinora4@devhub.com
101.80.50.19,ssantacrolea5@imdb.com
190.57.79.154,spestridgea6@google.es
253.229.250.152,obrabina7@google.com.br
40.122.5.168,aradbournea8@mtv.com
57.67.249.133,pivakina9@rediff.com
8.219.72.77,ctilioaa@cam.ac.uk
186.100.136.71,yguardab@bravesites.com
29.93.47.81,lbroadburyac@tmall.com
14.189.106.28,lmacaughtriead@360.cn
93.159.28.162,alenoirae@themeforest.net
96.74.48.211,aashmentaf@example.com
23.70.120.6,kklimschakag@github.com
220.84.139.154,hcorderoah@indiatimes.com
71.223.93.32,biskowai@ebay.co.uk
254.168.204.147,ehodgetsaj@youtu.be
38.31.131.151,mlegisterak@phpbb.com
110.244.0.72,pyeardleyal@google.nl
49.67.79.212,kheishamam@kickstarter.com
220.231.163.217,abraggintonan@artisteer.com
213.249.70.121,emioniao@github.com
84.146.20.33,jervineap@51.la
177.220.135.102,wlurrimanaq@cnbc.com
162.72.194.231,ocuschieriar@netlog.com
69.52.29.128,drabsonas@sitemeter.com
119.37.241.137,dgareat@naver.com
174.6.11.233,bkynastonau@edublogs.org
10.226.103.217,vmacpeakeav@uol.com.br
72.69.59.19,bstillmanaw@cnn.com
184.195.144.243,ktaffsax@rambler.ru
13.73.12.228,bblasioay@illinois.edu
140.163.79.74,tmistryaz@ifeng.com
119.198.30.65,cmachinb0@github.com
4.163.227.34,salmonb1@delicious.com
200.95.10.169,ehowleyb2@slate.com
89.84.152.44,gquadlingb3@jiathis.com
10.71.15.149,dprettejohnsb4@msu.edu
179.24.105.115,edalescob5@accuweather.com
140.225.194.160,swhereatb6@state.gov
199.137.76.47,wstutteb7@marketwatch.com
16.56.68.233,tdecruzeb8@marriott.com
246.98.252.58,dkilgrewb9@cisco.com
137.203.28.127,gsterleyba@tmall.com
158.32.143.182,isturtonbb@phoca.cz
42.116.191.98,ghammerbc@sourceforge.net
232.69.62.225,mivankinbd@npr.org
9.77.77.61,klowniebe@webmd.com
50.85.198.149,rleatherbarrowbf@vkontakte.ru
65.58.51.138,gmartynkabg@webmd.com
222.53.110.196,bbertrandbh@delicious.com
23.214.18.129,acaugheybi@reference.com
196.54.213.187,fheeranbj@google.co.jp
151.78.122.204,roldroydebk@princeton.edu
16.142.235.223,aopybl@soundcloud.com
253.70.105.47,ddangelobm@seesaa.net
83.6.117.126,ibettridgebn@sina.com.cn
60.158.33.41,mpocockebo@house.gov
53.63.245.196,creimerbp@smh.com.au
81.44.73.31,jjikyllsbq@cbslocal.com
220.158.94.52,vrahlbr@altervista.org
244.198.153.100,jliebs@cdc.gov
216.72.154.233,mlebarrbt@php.net
134.152.33.178,cwallheadbu@huffingtonpost.com
78.26.246.88,sreicherzbv@nps.gov
124.117.166.229,rfowlebw@sfgate.com
243.165.231.121,mpaulillobx@blogger.com
48.103.61.13,jfreynby@ow.ly
10.231.112.193,pjoncicbz@hatena.ne.jp
26.187.211.229,vellulc0@admin.ch
220.119.253.215,qclemmettc1@so-net.ne.jp
244.35.247.17,tstookec2@seattletimes.com
17.236.94.62,bavonc3@psu.edu
12.5.147.208,randrezc4@blogger.com
28.177.206.161,sbarthropc5@reference.com
253.246.14.138,mmussettc6@goodreads.com
104.133.31.183,shadleyc7@godaddy.com
9.226.110.94,adanbyc8@wp.com
24.107.190.125,mmillinc9@php.net
187.184.159.143,cankersca@a8.net
125.212.16.165,jraingercb@apple.com
41.11.171.77,btraviscc@soundcloud.com
44.4.63.151,myeamancd@msu.edu
121.82.157.24,tcarvilce@tumblr.com
70.171.27.3,aviviencf@histats.com
105.112.39.59,fbloxsomecg@123-reg.co.uk
93.123.232.204,thalpinech@t.co
199.47.70.203,btayeci@parallels.com
80.161.135.184,mpinnioncj@baidu.com
135.189.189.208,kshevillck@chronoengine.com
174.134.49.210,bmunroecl@examiner.com
18.23.243.158,cfippcm@devhub.com
246.69.252.219,pwoolacottcn@imgur.com
226.123.104.101,mharcourtco@oracle.com
184.81.177.233,rnormandcp@google.co.uk
120.249.209.249,mstoditcq@mit.edu
128.126.42.124,hpriddiscr@themeforest.net
133.80.51.30,cbumbycs@flickr.com
54.199.201.67,emccormackct@uol.com.br
100.248.229.5,jnuttingcu@discovery.com
130.48.193.5,nslatfordcv@addtoany.com
99.43.179.151,kcowellcw@yahoo.co.jp
80.68.77.118,hkingscotecx@sciencedirect.com
46.231.160.168,emathewcy@cornell.edu
235.2.148.203,cdanilevichcz@topsy.com
193.116.4.112,ekleinmannd0@istockphoto.com
171.143.220.41,hpurslowd1@fda.gov
106.241.165.206,ftewkesburyd2@devhub.com
215.136.209.138,tburselld3@columbia.edu
58.157.135.222,sdustd4@123-reg.co.uk
146.234.13.146,dhasterd5@multiply.com
246.5.221.162,istorkd6@hud.gov
209.84.59.16,lridgewayd7@sohu.com
183.123.225.150,tdinniesd8@virginia.edu
11.18.110.188,ehanveyd9@loc.gov
195.79.64.47,agodballda@wix.com
242.9.241.216,twhitlanddb@360.cn
239.166.179.73,jmatticcidc@angelfire.com
238.177.96.222,ncunneydd@tamu.edu
15.65.112.160,mcurlessde@businessweek.com
186.189.89.96,dstockerdf@gravatar.com
126.254.116.207,rmchargdg@webmd.com
213.233.5.197,jmahaffeydh@barnesandnoble.com
213.188.147.181,crehndi@craigslist.org
32.116.221.111,edriuttidj@nytimes.com
248.187.109.78,gjoynerdk@amazon.com
147.125.18.114,imussettidl@netscape.com
4.67.177.129,mrosnaudm@yellowbook.com
20.161.209.154,cdawtondn@constantcontact.com
222.235.222.52,kwollerdo@mozilla.com
99.169.210.234,rmacskeaghandp@flickr.com
139.164.55.49,bprinettdq@statcounter.com
160.143.35.242,jdrewsondr@fc2.com
162.148.179.189,blaymands@chicagotribune.com
102.72.247.54,jmallabydt@home.pl
212.50.232.80,cyushachkovdu@gov.uk
141.176.148.57,jrubinowiczdv@ocn.ne.jp
42.86.202.226,iterreydw@multiply.com
176.232.213.246,caerydx@yahoo.co.jp
195.68.4.211,rganningdy@miibeian.gov.cn
186.117.249.239,ggallanddz@webmd.com
14.184.107.168,aphiloe0@photobucket.com
92.152.124.171,lromerile1@ibm.com
113.5.232.110,craithbye2@networksolutions.com
68.165.197.41,ehatheralle3@com.com
14.176.134.27,fwellsteade4@pagesperso-orange.fr
6.45.118.178,kantoniate5@rediff.com
148.237.169.153,wavrahamoffe6@google.pl
21.107.202.117,rmccobbe7@abc.net.au
169.123.81.153,kfigurskie8@wordpress.org
57.9.91.124,aiiannonie9@google.com
206.94.61.114,jadamskyea@gravatar.com
137.222.212.5,hjakubovitcheb@mashable.com
110.103.84.185,dgounetec@gravatar.com
12.110.173.184,kuphamed@ftc.gov
236.47.231.248,vfollandee@utexas.edu
199.142.29.178,tveazeyef@hexun.com
86.0.24.252,osawdoneg@omniture.com
127.123.52.219,codlineh@shop-pro.jp
171.128.211.49,tbanfieldei@skyrock.com
220.54.161.198,tjohananoffej@ow.ly
132.247.41.65,jcatterallek@ed.gov
253.209.248.90,golssonel@cdc.gov
199.187.129.24,gdellaem@weather.com
108.130.230.212,dmacdonellen@hexun.com
167.48.220.165,nbuyerseo@flavors.me
247.39.220.163,sdadgeep@nifty.com
197.99.225.7,bginnieq@princeton.edu
136.187.3.86,wsabbener@digg.com
230.197.86.147,alewises@vimeo.com
54.93.164.17,bcowellet@livejournal.com
86.144.179.229,crigardeaueu@gov.uk
94.138.73.55,mverrickev@jalbum.net
5.119.178.222,jscotchmoreew@fema.gov
243.12.107.186,tcrocketex@google.es
78.224.212.87,fwrenney@domainmarket.com
194.206.201.180,npentinez@devhub.com
34.136.13.27,llavellf0@jugem.jp
134.223.173.150,jtowlef1@ihg.com
235.81.229.53,rdenesf2@altervista.org
148.45.6.38,dredfieldf3@slashdot.org
198.122.232.225,dleatherf4@icq.com
181.166.71.130,lcraighallf5@marketwatch.com
162.238.121.218,bcenterf6@amazon.co.uk
58.163.132.114,lgamlinf7@blinklist.com
188.90.170.43,dbalazotf8@over-blog.com
1.73.145.59,bmcmurtyf9@google.com.br
41.200.230.29,hstannettfa@answers.com
211.164.13.185,tmaffyfb@nationalgeographic.com
207.200.103.221,salfonsettifc@bizjournals.com
149.221.216.135,cpaceyfd@jimdo.com
108.156.24.23,rohederscollfe@usgs.gov
118.197.155.70,sfernanandoff@comsenz.com
217.134.99.10,jyeldhamfg@studiopress.com
232.120.247.174,mgayefh@discovery.com
139.13.12.59,jmcgarviefi@amazon.com
79.117.76.58,zcaghanfj@biglobe.ne.jp
192.95.204.238,ntrematickfk@domainmarket.com
52.219.22.131,echownfl@printfriendly.com
133.242.200.38,lsaintsburyfm@nifty.com
3.92.240.119,nwillimottfn@dyndns.org
45.77.23.117,vlettsfo@jalbum.net
146.90.233.178,flindermannfp@123-reg.co.uk
230.203.233.77,cdrinkallfq@ask.com
106.58.34.220,elukockfr@auda.org.au
157.15.79.128,tstivefs@blinklist.com
229.239.11.206,ycrooseft@qq.com
240.237.103.145,rthowesfu@nature.com
83.57.23.156,gmemmoryfv@cargocollective.com
111.250.85.200,ddanielovitchfw@addtoany.com
15.20.210.95,hlampartfx@taobao.com
1.28.199.53,bspikingsfy@unesco.org
229.58.109.49,ckleinplatzfz@wikia.com
31.85.176.206,rcalcottg0@sfgate.com
250.115.219.30,clarrowayg1@acquirethisname.com
55.12.5.55,avonasekg2@wsj.com
130.190.174.216,krubelg3@icio.us
16.48.220.6,gfuncheong4@go.com
228.157.204.163,kmillsg5@goo.ne.jp
135.221.41.26,iboasg6@w3.org
108.75.83.123,hnicheg7@abc.net.au
208.118.185.52,lpatifieldg8@plala.or.jp
115.122.15.93,cmandersg9@goo.ne.jp
91.165.203.176,dmarquissga@ning.com
80.150.250.51,rcradickgb@icq.com
204.91.101.225,rpoleykettgc@edublogs.org
150.123.44.251,cdurantgd@t-online.de
184.6.4.138,htuerge@nationalgeographic.com
217.161.58.156,sscreasegf@samsung.com
171.244.39.111,latwillgg@jiathis.com
20.118.228.16,cmerringtongh@quantcast.com
245.15.202.3,mgunninghamgi@tmall.com
180.85.88.206,bharegj@blog.com
155.188.253.207,dblaisdellgk@mapy.cz
25.82.232.150,spischoffgl@i2i.jp
214.52.138.43,qdavidsongm@bluehost.com
205.69.85.99,nrollinshawgn@ibm.com
217.87.95.152,rbottrellgo@istockphoto.com
50.141.245.17,larnauducgp@dot.gov
124.210.5.166,jpownergq@exblog.jp
220.255.46.180,srenggergr@altervista.org
170.70.65.8,tfrimangs@wunderground.com
4.117.182.29,dmoorhousegt@ucla.edu
25.128.61.148,kgeevegu@yandex.ru
172.190.118.6,sprobyngv@google.ca
43.234.215.49,jmurfordgw@wikia.com
124.246.94.165,btwigleygx@dell.com
74.146.3.66,ecaurahgy@upenn.edu
224.138.14.193,odallmanngz@yolasite.com
6.216.45.173,wciciarih0@imgur.com
254.140.231.209,rfilippelloh1@gravatar.com
205.3.156.147,cnockallsh2@amazon.de
189.195.219.17,pphillinsh3@ucsd.edu
253.32.217.122,rartindaleh4@51.la
10.205.161.210,eleylandh5@cnbc.com
97.179.213.243,cfolkerh6@smh.com.au
231.172.121.27,bjarmainh7@123-reg.co.uk
148.218.41.4,vmcevoyh8@npr.org
148.192.194.247,jmaindsh9@dion.ne.jp
175.79.97.16,wshivellha@ifeng.com
222.104.100.140,gseelerhb@symantec.com
10.68.77.58,nwoodwinhc@deliciousdays.com
77.108.104.53,fduligalhd@princeton.edu
189.67.125.91,rspriggenhe@delicious.com
130.240.65.138,mscoterboshhf@360.cn
74.84.141.44,svispohg@google.com.hk
71.242.255.229,hivashechkinhh@hibu.com
31.50.231.32,phitscherhi@163.com
83.248.221.61,cverekerhj@free.fr
2.37.75.162,lgyrgorwicxhk@irs.gov
80.178.19.87,agoodspeedhl@macromedia.com
157.101.204.74,jrigbyehm@abc.net.au
156.109.78.111,bcrouchhn@uiuc.edu
65.235.242.167,cskettlesho@e-recht24.de
254.195.161.90,agroombridgehp@baidu.com
163.186.115.137,aletteressehq@irs.gov
62.233.153.84,apuddenhr@foxnews.com
57.119.37.48,gcircuiths@stanford.edu
130.36.98.6,kritchmanht@tuttocitta.it
101.112.81.93,vgarfieldhu@nydailynews.com
237.135.109.233,btorrenthv@creativecommons.org
8.186.32.122,dascrafthw@goo.gl
161.127.66.21,rcrebotthx@chron.com
171.77.131.154,bdufourhy@twitpic.com
198.184.47.58,gmarcamhz@clickbank.net
184.126.70.181,llyfordi0@weather.com
195.160.76.154,mchimentii1@buzzfeed.com
145.35.139.97,bhollerini2@nationalgeographic.com
25.53.141.227,nmiddlebrooki3@amazonaws.com
106.151.227.122,niddyi4@newsvine.com
161.50.85.30,lformoyi5@youku.com
90.220.155.107,pcracknalli6@clickbank.net
166.234.46.165,roxtoni7@goo.gl
230.0.152.141,mendersoni8@vimeo.com
208.242.196.60,kswanni9@nih.gov
18.244.222.189,hhamblinia@answers.com
96.192.81.137,cquadeib@elpais.com
167.96.228.202,lwestburyic@gov.uk
234.219.200.138,akunzeid@europa.eu
219.230.72.88,hbishie@mysql.com
207.149.135.203,tskivingtonif@etsy.com
95.219.28.3,gtointonig@pinterest.com
130.62.48.141,gchaytorih@abc.net.au
80.234.218.245,jmaudlingii@wordpress.com
131.96.125.221,mmctrustyij@parallels.com
173.20.81.122,icroninik@archive.org
40.139.243.199,fdeshonil@cnbc.com
1.98.108.31,cpettitim@zdnet.com
192.50.45.246,bgeraschin@weibo.com
20.215.52.188,amusgraveio@zimbio.com
16.63.142.247,wairlieip@woothemes.com
222.89.108.187,awhiffiq@zimbio.com
157.165.80.243,tseyersir@barnesandnoble.com
222.225.36.66,tbacheris@ihg.com
251.124.132.152,scoyeit@51.la
223.8.234.134,cleaderiu@forbes.com
90.227.54.53,haspitaliv@icio.us
41.42.245.0,bbowkettiw@hp.com
155.174.67.198,eholsteinix@example.com
116.15.53.210,fmcvittyiy@squarespace.com
50.24.207.159,asurmaniz@flavors.me
171.74.0.240,odobrowolnyj0@mediafire.com
163.97.195.208,kborresj1@purevolume.com
213.20.202.32,kmordinj2@topsy.com
120.93.177.138,ayouellj3@lycos.com
121.94.220.21,ckleingrubj4@delicious.com
137.112.86.120,wtakisj5@japanpost.jp
47.230.233.26,rkillikj6@samsung.com
26.205.23.175,kgatej7@networksolutions.com
174.112.9.90,jpalfreemanj8@earthlink.net
50.85.89.20,twrightsonj9@sakura.ne.jp
81.165.62.200,tsimonyja@slate.com
214.16.160.206,oatlayjb@harvard.edu
99.130.234.220,cduesberryjc@google.ru
234.120.93.245,nreedyhoughjd@admin.ch
218.178.98.54,mmenichellije@g.co
105.135.188.115,sremingtonjf@macromedia.com
7.100.49.74,sheusticejg@dagondesign.com
181.70.191.222,hlimbertjh@goodreads.com
227.166.185.19,dgianettiniji@hud.gov
188.223.26.191,fpridhamjj@netscape.com
228.172.75.194,lscrewtonjk@guardian.co.uk
19.135.233.107,scourvertjl@about.com
58.62.156.232,gsnapjm@joomla.org
90.58.236.23,mprocterjn@google.ru
97.221.38.93,mbroodjo@livejournal.com
63.162.38.126,sdooneyjp@ucsd.edu
68.138.235.179,gstandalljq@whitehouse.gov
254.110.209.192,fhannjr@youtu.be
6.190.158.153,bbigleyjs@bbb.org
167.225.2.138,wcauderliejt@t-online.de
79.7.9.108,dprangleyju@parallels.com
24.90.225.114,jmaccoveneyjv@bloglines.com
8.244.87.117,mpigeonjw@domainmarket.com
4.160.176.241,nivainjx@icq.com
100.237.244.158,jholhousejy@cdc.gov
244.212.132.24,grenodenjz@hud.gov
199.252.42.215,dcurreyk0@joomla.org
29.44.239.119,agrichukhanovk1@wufoo.com
41.128.73.105,crowesk2@ehow.com
76.178.14.249,athirkettlek3@gizmodo.com
247.230.168.91,bguildk4@chron.com
101.83.213.112,agoffek5@wikispaces.com
55.179.238.109,sgonsalok6@theatlantic.com
220.254.125.160,srilingsk7@apache.org
132.53.142.232,elinseyk8@privacy.gov.au
7.248.124.210,edeelyk9@about.com
205.181.44.114,krenihanka@ed.gov
30.66.94.70,gbenaharonkb@ning.com
59.120.200.177,ulantaffkc@ask.com
137.1.109.176,mtommasikd@gnu.org
186.131.250.214,ecestardke@facebook.com
233.86.184.227,jsorkf@bing.com
69.154.165.210,cwakefordkg@newsvine.com
141.244.103.58,ssherrockskh@prnewswire.com
246.165.139.117,tdashperki@patch.com
92.58.220.78,pbadseykj@over-blog.com
146.180.188.170,ipruekk@surveymonkey.com
216.113.91.61,roddiekl@delicious.com
62.170.231.47,buttermarekm@webeden.co.uk
67.115.13.61,cpostillkn@cloudflare.com
8.56.206.69,obuxamko@nytimes.com
204.12.52.65,dsibbskp@studiopress.com
53.200.113.26,evallerkq@etsy.com
201.244.32.147,tempringhamkr@washingtonpost.com
85.116.206.123,bcleaverks@nymag.com
86.226.235.247,gmcnabkt@hud.gov
162.125.208.230,pgiffautku@yelp.com
157.52.28.135,hspridgenkv@statcounter.com
202.172.34.238,pdollenkw@wikimedia.org
203.236.127.21,lgerglerkx@huffingtonpost.com
152.46.88.229,sconnalky@nbcnews.com
235.63.164.69,aritchardkz@zdnet.com
136.148.87.46,ogergusl0@bigcartel.com
27.95.223.125,froulstonl1@nationalgeographic.com
92.228.250.220,hmccaskilll2@uol.com.br
47.27.15.25,astitfalll3@privacy.gov.au
106.31.215.173,mdelouchl4@discuz.net
203.122.198.101,gcobbledl5@va.gov
118.209.253.247,mshoebottoml6@zdnet.com
22.62.50.233,bbullantl7@who.int
174.95.231.86,mkellockl8@phoca.cz
5.52.40.215,jedmondsonl9@dion.ne.jp
98.214.163.217,pkoppensla@macromedia.com
108.180.22.1,aduigenanlb@toplist.cz
173.176.15.140,cgramerlc@pagesperso-orange.fr
127.149.22.176,kcaudellld@cyberchimps.com
252.250.243.200,afilipczakle@icio.us
104.124.160.164,nthornhilllf@gravatar.com
150.152.79.140,dbruggerlg@ebay.co.uk
222.167.157.204,csymeslh@microsoft.com
54.130.163.119,tkyrkemanli@imageshack.us
192.137.246.127,lafieldlj@mlb.com
157.137.53.32,hsufflk@xing.com
246.191.23.32,dhudghtonll@symantec.com
162.118.77.101,jweinlm@4shared.com
70.38.218.188,trodolpheln@webeden.co.uk
25.175.238.232,rmourbeylo@sina.com.cn
5.221.166.118,eraoultlp@zimbio.com
40.250.93.237,lraikeslq@amazonaws.com
214.68.140.129,itargelr@harvard.edu
137.155.115.140,blicciardols@freewebs.com
55.32.27.195,tcestardlt@aol.com
249.183.4.32,jnicelylu@un.org
10.223.26.241,elidelllv@qq.com
151.150.134.38,tcawthronlw@washington.edu
227.160.38.104,mkraftlx@hhs.gov
167.216.122.120,sprestonly@china.com.cn
132.178.83.213,bnardruplz@mtv.com
177.17.91.169,rwaghornem0@ucla.edu
140.23.14.194,wbrychanm1@about.me
154.20.14.161,mmuddlem2@ustream.tv
62.145.72.105,mmccheynem3@youku.com
233.130.236.193,fjeenesm4@soundcloud.com
200.253.1.12,ahellism5@printfriendly.com
183.165.67.197,ddunnem6@comsenz.com
89.14.100.241,atomblinm7@trellian.com
111.211.47.174,skarimm8@sohu.com
154.253.125.77,kpieterickm9@wikia.com
87.74.42.211,lbriersma@nhs.uk
229.214.44.138,diacoviellomb@geocities.com
32.139.210.202,aearlandmc@google.co.uk
116.155.205.45,acowsbymd@princeton.edu
125.243.89.61,kfalcome@home.pl
250.126.49.98,leilhertsenmf@fastcompany.com
194.249.151.133,ppierrepointmg@noaa.gov
219.7.57.1,rbrandmh@mozilla.com
119.228.202.26,tsivemi@friendfeed.com
13.3.196.5,emaddockmj@nyu.edu
122.254.20.62,ttindallmk@reverbnation.com
67.103.245.6,nhuegettml@about.me
214.51.20.242,bduddenmm@plala.or.jp
156.53.102.76,edrevermn@squarespace.com
70.35.237.136,mbookermo@typepad.com
206.125.200.128,scrackelmp@nsw.gov.au
19.238.14.35,creaganmq@symantec.com
145.197.232.251,eenrigomr@wikispaces.com
50.93.87.145,imawdittms@scribd.com
216.111.50.252,bgalesmt@netscape.com
146.148.206.209,gbosworthmu@gnu.org
25.136.197.97,hcheesmanmv@booking.com
201.248.135.46,kbonafantmw@reverbnation.com
113.114.145.179,acarmemx@reuters.com
13.70.154.21,vchrstinemy@cafepress.com
130.12.17.194,obellammz@skyrock.com
104.175.156.144,kduckerinn0@fastcompany.com
191.169.208.4,mbalsellien1@chicagotribune.com
8.100.63.192,kboggishn2@mediafire.com
225.52.95.255,lteodorin3@ustream.tv
10.243.191.19,wbaumadiern4@over-blog.com
118.233.54.12,chartnessn5@patch.com
83.209.114.72,msoapern6@edublogs.org
36.203.53.94,eflugern7@phpbb.com
137.119.119.232,dmacgorleyn8@sciencedaily.com
70.50.57.171,ghilhousen9@diigo.com
140.123.144.198,klambdenna@chron.com
123.215.86.233,mjonnb@qq.com
132.41.76.211,cbabidgenc@plala.or.jp
197.198.155.25,esimeolind@mayoclinic.com
17.46.211.187,mmonaghanne@sohu.com
160.231.138.15,mjessnf@bbc.co.uk
13.198.141.109,gmusterdng@slashdot.org
247.208.163.33,ahogginsnh@creativecommons.org
18.97.233.89,gpolsinni@devhub.com
248.171.185.2,bambresinnj@macromedia.com
70.6.231.23,ibritiannk@1und1.de
18.59.26.79,gmactaguenl@oaic.gov.au
227.128.178.245,dbockhnm@chicagotribune.com
137.192.62.98,cfrasconenn@freewebs.com
83.196.136.179,bjanodetno@wp.com
216.148.106.82,lkemberynp@lycos.com
250.140.243.90,sgermainenq@symantec.com
116.156.253.68,dbinnellnr@sciencedirect.com
193.60.54.175,scratens@businesswire.com
239.237.161.112,lcurnokknt@ning.com
112.190.250.202,plarnenu@accuweather.com
51.43.180.185,msempernv@unc.edu
7.176.213.53,ctammadgenw@google.nl
24.8.51.249,irollinnx@wordpress.org
118.162.164.182,edukesny@edublogs.org
15.27.87.123,tmaccleodnz@istockphoto.com
249.141.176.239,rzupoo0@instagram.com
91.159.158.39,bcroshero1@cbsnews.com
138.175.184.123,xlintheado2@chron.com
169.114.64.168,hbrahmero3@typepad.com
41.63.57.188,tholsono4@hugedomains.com
248.193.167.237,lmewtono5@opensource.org
103.101.239.201,epetraccoo6@va.gov
233.63.80.75,mclemaso7@de.vu
29.107.114.39,ctomasellio8@forbes.com
82.144.212.18,ntschersicho9@w3.org
91.16.137.211,eisakowiczoa@sun.com
86.228.27.169,srowbottomob@zimbio.com
199.24.120.4,jsyredoc@fastcompany.com
225.81.246.226,lklussod@usatoday.com
117.254.126.116,dtimebyoe@tinyurl.com
174.201.101.196,hlittrickof@newsvine.com
85.126.186.161,swhittletonog@bluehost.com
244.200.207.82,gserginsonoh@prweb.com
242.79.80.22,rcarrivickoi@google.ru
2.220.181.156,crowseloj@plala.or.jp
6.25.23.95,lfallisok@cdbaby.com
142.76.225.219,amcnairol@exblog.jp
225.65.229.232,aberriballom@simplemachines.org
230.85.41.74,ehutchingeson@shinystat.com
20.223.94.67,llallyoo@merriam-webster.com
146.203.40.146,myarnoldop@naver.com
164.152.236.213,welcockoq@google.com.br
155.1.198.246,bflecknoeor@sfgate.com
108.134.252.94,odyzartos@forbes.com
39.33.224.136,lbritonot@soundcloud.com
60.37.94.235,kludwigou@networksolutions.com
169.203.44.204,fmogridgeov@360.cn
39.164.47.20,cvanderweedenburgow@virginia.edu
75.234.230.117,ckalinowskyox@amazon.co.jp
149.59.206.45,nexteroy@china.com.cn
111.54.216.224,mbedboroughoz@google.com.au
20.239.165.28,ulippattp0@quantcast.com
31.210.197.114,ljewesp1@upenn.edu
220.248.47.107,kblondelp2@archive.org
181.161.153.122,lwhitmorep3@imgur.com
67.101.103.62,ezoellnerp4@umich.edu
182.158.95.22,tcoep5@ucla.edu
217.7.74.1,bluterp6@cocolog-nifty.com
192.225.40.101,sdoltonp7@hibu.com
157.21.105.80,aallawayp8@businesswire.com
140.35.87.33,bgarrattleyp9@miitbeian.gov.cn
181.241.188.56,cmcgilvrapa@guardian.co.uk
77.76.254.228,spinkardpb@mashable.com
168.208.30.154,cslyvesterpc@who.int
2.38.176.206,pfincipd@mit.edu
61.135.162.178,dstiveype@imgur.com
162.186.6.250,mchiccopf@ucla.edu
186.172.227.52,gtuitepg@cafepress.com
85.111.4.90,celpheeph@amazon.com
170.247.227.87,bmummpi@thetimes.co.uk
102.79.90.91,rknappepj@google.com.br
204.143.80.112,gquinpk@shutterfly.com
219.31.220.189,vbrumblepl@odnoklassniki.ru
185.0.208.178,msustinspm@admin.ch
93.220.239.123,lcorzonpn@cnet.com
202.126.242.132,lmacgruerpo@mlb.com
162.46.218.185,hrisebarerpp@miibeian.gov.cn
66.127.71.116,cgommepq@cnbc.com
238.79.159.197,pbignallpr@elpais.com
82.153.34.155,rmcdillps@yelp.com
156.106.247.117,gmaddickpt@github.io
144.5.43.161,sallainpu@nsw.gov.au
99.207.60.204,jbeckhampv@blogger.com
205.146.66.49,nmatyushenkopw@indiegogo.com
172.12.98.92,cbrunstanpx@pinterest.com
111.93.149.130,bpercypy@businesswire.com
134.14.120.202,gdallingpz@booking.com
75.64.158.86,hwestcarq0@oakley.com
15.197.163.217,jgravenorq1@usa.gov
189.119.126.17,spechetq2@stumbleupon.com
128.82.108.171,lnatwickq3@forbes.com
21.243.30.191,sforryanq4@gnu.org
183.125.169.109,lninnisq5@yellowpages.com
4.87.73.221,ehembryq6@ox.ac.uk
80.93.17.222,gflavelleq7@goo.gl
255.68.158.16,osumptionq8@marketwatch.com
69.100.133.154,cbernlinq9@dyndns.org
147.35.139.164,ppoltoneqa@foxnews.com
160.98.28.169,cbaggeqb@dailymail.co.uk
136.25.5.225,dmockfordqc@ca.gov
130.11.156.239,hhasellqd@usgs.gov
254.119.137.245,dcarradiceqe@deviantart.com
233.54.145.114,ctysallqf@ameblo.jp
185.205.147.55,jrosparsqg@yahoo.co.jp
157.230.114.65,tnutteyqh@cyberchimps.com
230.168.36.250,mcappellqi@seesaa.net
66.149.102.176,vhuguetqj@mit.edu
110.168.2.60,thamblettqk@hc360.com
31.219.137.95,wmecozziql@wordpress.com
199.48.102.158,rsivilqm@about.me
194.50.224.62,aklambtqn@webmd.com
91.9.19.18,npaumierqo@irs.gov
233.63.62.101,kclemettsqp@1688.com
20.83.134.135,ofilipputtiqq@biglobe.ne.jp
232.27.197.70,smaddraqr@dot.gov
159.231.40.153,ndonnqs@nytimes.com
125.207.208.38,lshillamqt@delicious.com
57.180.79.118,kreginaqu@xinhuanet.com
203.251.60.9,crosebothamqv@webmd.com
62.124.210.158,hscarceqw@comcast.net
187.20.55.201,nherculesonqx@delicious.com
226.117.252.156,mmajuryqy@cnn.com
253.7.144.247,sclemowqz@squarespace.com
136.26.108.127,wpimmocker0@dell.com
22.80.7.39,agillfordr1@sciencedaily.com
155.193.113.178,agwatkinr2@symantec.com
6.238.68.164,rwhatleyr3@de.vu
246.144.190.116,bshackletonr4@vimeo.com
57.137.191.23,tshrubsallr5@cpanel.net
175.66.218.54,aboickr6@com.com
78.46.5.6,lbowaterr7@whitehouse.gov
7.186.66.51,acarollr8@webs.com
248.22.12.250,iashpoler9@state.gov
54.118.207.211,lbraysherra@spiegel.de
91.100.227.252,cdidellorb@jimdo.com
33.201.35.165,akuhnwaldrc@pbs.org
114.33.189.232,kkupkerd@ycombinator.com
150.121.248.52,apigromere@histats.com
195.200.126.22,candreaccirf@foxnews.com
111.204.178.253,lhulksrg@marriott.com
211.134.159.102,pocorhanerh@istockphoto.com
17.240.247.14,rcolvilleri@washington.edu
87.54.111.100,stimperleyrj@nytimes.com
178.163.146.104,dpreskettrk@goo.ne.jp
243.234.89.137,ncrooserl@biblegateway.com
18.244.254.123,tzanicchirm@netvibes.com
154.254.248.193,dattenburrowrn@gravatar.com
22.246.86.19,rgisbornero@fc2.com
50.173.58.9,rbarnwallrp@ebay.co.uk
128.72.204.225,jmoraisrq@yale.edu
90.234.205.241,igosenellrr@mozilla.org
